,Loan_ID,Gender,Married,Dependents,Education,Self_Employed,Property_Area,Loan_Status,ApplicantIncome,CoapplicantIncome,LoanAmount,Loan_Amount_Term,Credit_History
0,LP001002,Male,No,0,Graduate,No,Urban,Y,5849,0.0,146.41216216216216,360.0,1.0
1,LP001003,Male,Yes,1,Graduate,No,Rural,N,4583,1508.0,128.0,360.0,1.0
2,LP001005,Male,Yes,0,Graduate,Yes,Urban,Y,3000,0.0,66.0,360.0,1.0
3,LP001006,Male,Yes,0,Not Graduate,No,Urban,Y,2583,2358.0,120.0,360.0,1.0
4,LP001008,Male,No,0,Graduate,No,Urban,Y,6000,0.0,141.0,360.0,1.0
5,LP001011,Male,Yes,2,Graduate,Yes,Urban,Y,5417,4196.0,267.0,360.0,1.0
6,LP001013,Male,Yes,0,Not Graduate,No,Urban,Y,2333,1516.0,95.0,360.0,1.0
7,LP001014,Male,Yes,3+,Graduate,No,Semiurban,N,3036,2504.0,158.0,360.0,0.0
8,LP001018,Male,Yes,2,Graduate,No,Urban,Y,4006,1526.0,168.0,360.0,1.0
9,LP001020,Male,Yes,1,Graduate,No,Semiurban,N,12841,10968.0,349.0,360.0,1.0
10,LP001024,Male,Yes,2,Graduate,No,Urban,Y,3200,700.0,70.0,360.0,1.0
11,LP001027,Male,Yes,2,Graduate,No,Urban,Y,2500,1840.0,109.0,360.0,1.0
12,LP001028,Male,Yes,2,Graduate,No,Urban,Y,3073,8106.0,200.0,360.0,1.0
13,LP001029,Male,No,0,Graduate,No,Rural,N,1853,2840.0,114.0,360.0,1.0
14,LP001030,Male,Yes,2,Graduate,No,Urban,Y,1299,1086.0,17.0,120.0,1.0
15,LP001032,Male,No,0,Graduate,No,Urban,Y,4950,0.0,125.0,360.0,1.0
16,LP001034,Male,No,1,Not Graduate,No,Urban,Y,3596,0.0,100.0,240.0,0.8421985815602837
17,LP001036,Female,No,0,Graduate,No,Urban,N,3510,0.0,76.0,360.0,0.0
18,LP001038,Male,Yes,0,Not Graduate,No,Rural,N,4887,0.0,133.0,360.0,1.0
19,LP001041,Male,Yes,0,Graduate,No,Urban,Y,2600,3500.0,115.0,342.0,1.0
20,LP001043,Male,Yes,0,Not Graduate,No,Urban,N,7660,0.0,104.0,360.0,0.0
21,LP001046,Male,Yes,1,Graduate,No,Urban,Y,5955,5625.0,315.0,360.0,1.0
22,LP001047,Male,Yes,0,Not Graduate,No,Semiurban,N,2600,1911.0,116.0,360.0,0.0
23,LP001050,Male,Yes,2,Not Graduate,No,Rural,N,3365,1917.0,112.0,360.0,0.0
24,LP001052,Male,Yes,1,Graduate,No,Semiurban,N,3717,2925.0,151.0,360.0,0.8421985815602837
25,LP001066,Male,Yes,0,Graduate,Yes,Semiurban,Y,9560,0.0,191.0,360.0,1.0
26,LP001068,Male,Yes,0,Graduate,No,Semiurban,Y,2799,2253.0,122.0,360.0,1.0
27,LP001073,Male,Yes,2,Not Graduate,No,Urban,Y,4226,1040.0,110.0,360.0,1.0
28,LP001086,Male,No,0,Not Graduate,No,Urban,N,1442,0.0,35.0,360.0,1.0
29,LP001087,Female,No,2,Graduate,No,Semiurban,Y,3750,2083.0,120.0,360.0,1.0
30,LP001091,Male,Yes,1,Graduate,No,Urban,N,4166,3369.0,201.0,360.0,0.8421985815602837
31,LP001095,Male,No,0,Graduate,No,Urban,N,3167,0.0,74.0,360.0,1.0
32,LP001097,Male,No,1,Graduate,Yes,Rural,N,4692,0.0,106.0,360.0,1.0
33,LP001098,Male,Yes,0,Graduate,No,Semiurban,Y,3500,1667.0,114.0,360.0,1.0
34,LP001100,Male,No,3+,Graduate,No,Rural,N,12500,3000.0,320.0,360.0,1.0
35,LP001106,Male,Yes,0,Graduate,No,Urban,Y,2275,2067.0,146.41216216216216,360.0,1.0
36,LP001109,Male,Yes,0,Graduate,No,Urban,N,1828,1330.0,100.0,342.0,0.0
37,LP001112,Female,Yes,0,Graduate,No,Semiurban,Y,3667,1459.0,144.0,360.0,1.0
38,LP001114,Male,No,0,Graduate,No,Urban,Y,4166,7210.0,184.0,360.0,1.0
39,LP001116,Male,No,0,Not Graduate,No,Semiurban,Y,3748,1668.0,110.0,360.0,1.0
40,LP001119,Male,No,0,Graduate,No,Urban,N,3600,0.0,80.0,360.0,1.0
41,LP001120,Male,No,0,Graduate,No,Urban,Y,1800,1213.0,47.0,360.0,1.0
42,LP001123,Male,Yes,0,Graduate,No,Urban,Y,2400,0.0,75.0,360.0,0.8421985815602837
43,LP001131,Male,Yes,0,Graduate,No,Semiurban,Y,3941,2336.0,134.0,360.0,1.0
44,LP001136,Male,Yes,0,Not Graduate,Yes,Urban,Y,4695,0.0,96.0,342.0,1.0
45,LP001137,Female,No,0,Graduate,No,Urban,Y,3410,0.0,88.0,342.0,1.0
46,LP001138,Male,Yes,1,Graduate,No,Urban,Y,5649,0.0,44.0,360.0,1.0
47,LP001144,Male,Yes,0,Graduate,No,Urban,Y,5821,0.0,144.0,360.0,1.0
48,LP001146,Female,Yes,0,Graduate,No,Urban,N,2645,3440.0,120.0,360.0,0.0
49,LP001151,Female,No,0,Graduate,No,Semiurban,Y,4000,2275.0,144.0,360.0,1.0
50,LP001155,Female,Yes,0,Not Graduate,No,Semiurban,Y,1928,1644.0,100.0,360.0,1.0
51,LP001157,Female,No,0,Graduate,No,Semiurban,Y,3086,0.0,120.0,360.0,1.0
52,LP001164,Female,No,0,Graduate,No,Semiurban,N,4230,0.0,112.0,360.0,1.0
53,LP001179,Male,Yes,2,Graduate,No,Urban,N,4616,0.0,134.0,360.0,1.0
54,LP001186,Female,Yes,1,Graduate,Yes,Urban,N,11500,0.0,286.0,360.0,0.0
55,LP001194,Male,Yes,2,Graduate,No,Semiurban,Y,2708,1167.0,97.0,360.0,1.0
56,LP001195,Male,Yes,0,Graduate,No,Semiurban,Y,2132,1591.0,96.0,360.0,1.0
57,LP001197,Male,Yes,0,Graduate,No,Rural,N,3366,2200.0,135.0,360.0,1.0
58,LP001198,Male,Yes,1,Graduate,No,Urban,Y,8080,2250.0,180.0,360.0,1.0
59,LP001199,Male,Yes,2,Not Graduate,No,Urban,Y,3357,2859.0,144.0,360.0,1.0
60,LP001205,Male,Yes,0,Graduate,No,Urban,Y,2500,3796.0,120.0,360.0,1.0
61,LP001206,Male,Yes,3+,Graduate,No,Urban,Y,3029,0.0,99.0,360.0,1.0
62,LP001207,Male,Yes,0,Not Graduate,Yes,Rural,N,2609,3449.0,165.0,180.0,0.0
63,LP001213,Male,Yes,1,Graduate,No,Rural,N,4945,0.0,146.41216216216216,360.0,0.0
64,LP001222,Female,No,0,Graduate,No,Semiurban,N,4166,0.0,116.0,360.0,0.0
65,LP001225,Male,Yes,0,Graduate,No,Semiurban,N,5726,4595.0,258.0,360.0,1.0
66,LP001228,Male,No,0,Not Graduate,No,Urban,N,3200,2254.0,126.0,180.0,0.0
67,LP001233,Male,Yes,1,Graduate,No,Urban,Y,10750,0.0,312.0,360.0,1.0
68,LP001238,Male,Yes,3+,Not Graduate,Yes,Urban,Y,7100,0.0,125.0,60.0,1.0
69,LP001241,Female,No,0,Graduate,No,Semiurban,N,4300,0.0,136.0,360.0,0.0
70,LP001243,Male,Yes,0,Graduate,No,Urban,Y,3208,3066.0,172.0,360.0,1.0
71,LP001245,Male,Yes,2,Not Graduate,Yes,Semiurban,Y,1875,1875.0,97.0,360.0,1.0
72,LP001248,Male,No,0,Graduate,No,Semiurban,Y,3500,0.0,81.0,300.0,1.0
73,LP001250,Male,Yes,3+,Not Graduate,No,Semiurban,N,4755,0.0,95.0,342.0,0.0
74,LP001253,Male,Yes,3+,Graduate,Yes,Semiurban,Y,5266,1774.0,187.0,360.0,1.0
75,LP001255,Male,No,0,Graduate,No,Urban,N,3750,0.0,113.0,480.0,1.0
76,LP001256,Male,No,0,Graduate,No,Urban,N,3750,4750.0,176.0,360.0,1.0
77,LP001259,Male,Yes,1,Graduate,Yes,Urban,N,1000,3022.0,110.0,360.0,1.0
78,LP001263,Male,Yes,3+,Graduate,No,Semiurban,N,3167,4000.0,180.0,300.0,0.0
79,LP001264,Male,Yes,3+,Not Graduate,Yes,Semiurban,Y,3333,2166.0,130.0,360.0,0.8421985815602837
80,LP001265,Female,No,0,Graduate,No,Semiurban,Y,3846,0.0,111.0,360.0,1.0
81,LP001266,Male,Yes,1,Graduate,Yes,Semiurban,Y,2395,0.0,146.41216216216216,360.0,1.0
82,LP001267,Female,Yes,2,Graduate,No,Urban,N,1378,1881.0,167.0,360.0,1.0
83,LP001273,Male,Yes,0,Graduate,No,Semiurban,N,6000,2250.0,265.0,360.0,0.8421985815602837
84,LP001275,Male,Yes,1,Graduate,No,Urban,Y,3988,0.0,50.0,240.0,1.0
85,LP001279,Male,No,0,Graduate,No,Semiurban,Y,2366,2531.0,136.0,360.0,1.0
86,LP001280,Male,Yes,2,Not Graduate,No,Semiurban,Y,3333,2000.0,99.0,360.0,0.8421985815602837
87,LP001282,Male,Yes,0,Graduate,No,Semiurban,Y,2500,2118.0,104.0,360.0,1.0
88,LP001289,Male,No,0,Graduate,No,Urban,Y,8566,0.0,210.0,360.0,1.0
89,LP001310,Male,Yes,0,Graduate,No,Semiurban,Y,5695,4167.0,175.0,360.0,1.0
90,LP001316,Male,Yes,0,Graduate,No,Semiurban,Y,2958,2900.0,131.0,360.0,1.0
91,LP001318,Male,Yes,2,Graduate,No,Semiurban,Y,6250,5654.0,188.0,180.0,1.0
92,LP001319,Male,Yes,2,Not Graduate,No,Urban,Y,3273,1820.0,81.0,360.0,1.0
93,LP001322,Male,No,0,Graduate,No,Semiurban,Y,4133,0.0,122.0,360.0,1.0
94,LP001325,Male,No,0,Not Graduate,No,Semiurban,Y,3620,0.0,25.0,120.0,1.0
95,LP001326,Male,No,0,Graduate,No,Urban,N,6782,0.0,146.41216216216216,360.0,0.8421985815602837
96,LP001327,Female,Yes,0,Graduate,No,Semiurban,Y,2484,2302.0,137.0,360.0,1.0
97,LP001333,Male,Yes,0,Graduate,No,Semiurban,Y,1977,997.0,50.0,360.0,1.0
98,LP001334,Male,Yes,0,Not Graduate,No,Semiurban,Y,4188,0.0,115.0,180.0,1.0
99,LP001343,Male,Yes,0,Graduate,No,Semiurban,Y,1759,3541.0,131.0,360.0,1.0
100,LP001345,Male,Yes,2,Not Graduate,No,Urban,Y,4288,3263.0,133.0,180.0,1.0
101,LP001349,Male,No,0,Graduate,No,Semiurban,Y,4843,3806.0,151.0,360.0,1.0
102,LP001350,Male,Yes,0,Graduate,No,Urban,Y,13650,0.0,146.41216216216216,360.0,1.0
103,LP001356,Male,Yes,0,Graduate,No,Semiurban,Y,4652,3583.0,146.41216216216216,360.0,1.0
104,LP001357,Male,Yes,0,Graduate,No,Urban,Y,3816,754.0,160.0,360.0,1.0
105,LP001367,Male,Yes,1,Graduate,No,Urban,Y,3052,1030.0,100.0,360.0,1.0
106,LP001369,Male,Yes,2,Graduate,No,Urban,Y,11417,1126.0,225.0,360.0,1.0
107,LP001370,Male,No,0,Not Graduate,No,Rural,N,7333,0.0,120.0,360.0,1.0
108,LP001379,Male,Yes,2,Graduate,No,Urban,N,3800,3600.0,216.0,360.0,0.0
109,LP001384,Male,Yes,3+,Not Graduate,No,Semiurban,Y,2071,754.0,94.0,480.0,1.0
110,LP001385,Male,No,0,Graduate,No,Urban,Y,5316,0.0,136.0,360.0,1.0
111,LP001387,Female,Yes,0,Graduate,No,Semiurban,Y,2929,2333.0,139.0,360.0,1.0
112,LP001391,Male,Yes,0,Not Graduate,No,Rural,N,3572,4114.0,152.0,342.0,0.0
113,LP001392,Female,No,1,Graduate,Yes,Semiurban,Y,7451,0.0,146.41216216216216,360.0,1.0
114,LP001398,Male,No,0,Graduate,No,Semiurban,Y,5050,0.0,118.0,360.0,1.0
115,LP001401,Male,Yes,1,Graduate,No,Rural,Y,14583,0.0,185.0,180.0,1.0
116,LP001404,Female,Yes,0,Graduate,No,Semiurban,Y,3167,2283.0,154.0,360.0,1.0
117,LP001405,Male,Yes,1,Graduate,No,Urban,Y,2214,1398.0,85.0,360.0,0.8421985815602837
118,LP001421,Male,Yes,0,Graduate,No,Rural,N,5568,2142.0,175.0,360.0,1.0
119,LP001422,Female,No,0,Graduate,No,Urban,Y,10408,0.0,259.0,360.0,1.0
120,LP001426,Male,Yes,0,Graduate,No,Rural,Y,5667,2667.0,180.0,360.0,1.0
121,LP001430,Female,No,0,Graduate,No,Semiurban,Y,4166,0.0,44.0,360.0,1.0
122,LP001431,Female,No,0,Graduate,No,Semiurban,Y,2137,8980.0,137.0,360.0,0.0
123,LP001432,Male,Yes,2,Graduate,No,Semiurban,Y,2957,0.0,81.0,360.0,1.0
124,LP001439,Male,Yes,0,Not Graduate,No,Rural,Y,4300,2014.0,194.0,360.0,1.0
125,LP001443,Female,No,0,Graduate,No,Rural,Y,3692,0.0,93.0,360.0,0.8421985815602837
126,LP001448,Male,Yes,3+,Graduate,No,Rural,Y,23803,0.0,370.0,360.0,1.0
127,LP001449,Male,No,0,Graduate,No,Rural,Y,3865,1640.0,146.41216216216216,360.0,1.0
128,LP001451,Male,Yes,1,Graduate,Yes,Urban,N,10513,3850.0,160.0,180.0,0.0
129,LP001465,Male,Yes,0,Graduate,No,Rural,N,6080,2569.0,182.0,360.0,0.8421985815602837
130,LP001469,Male,No,0,Graduate,Yes,Urban,Y,20166,0.0,650.0,480.0,0.8421985815602837
131,LP001473,Male,No,0,Graduate,No,Urban,Y,2014,1929.0,74.0,360.0,1.0
132,LP001478,Male,No,0,Graduate,No,Semiurban,Y,2718,0.0,70.0,360.0,1.0
133,LP001482,Male,Yes,0,Graduate,Yes,Semiurban,Y,3459,0.0,25.0,120.0,1.0
134,LP001487,Male,No,0,Graduate,No,Semiurban,Y,4895,0.0,102.0,360.0,1.0
135,LP001488,Male,Yes,3+,Graduate,No,Semiurban,N,4000,7750.0,290.0,360.0,1.0
136,LP001489,Female,Yes,0,Graduate,No,Rural,N,4583,0.0,84.0,360.0,1.0
137,LP001491,Male,Yes,2,Graduate,Yes,Urban,Y,3316,3500.0,88.0,360.0,1.0
138,LP001492,Male,No,0,Graduate,No,Semiurban,N,14999,0.0,242.0,360.0,0.0
139,LP001493,Male,Yes,2,Not Graduate,No,Rural,N,4200,1430.0,129.0,360.0,1.0
140,LP001497,Male,Yes,2,Graduate,No,Rural,N,5042,2083.0,185.0,360.0,1.0
141,LP001498,Male,No,0,Graduate,No,Urban,Y,5417,0.0,168.0,360.0,1.0
142,LP001504,Male,No,0,Graduate,Yes,Semiurban,Y,6950,0.0,175.0,180.0,1.0
143,LP001507,Male,Yes,0,Graduate,No,Semiurban,Y,2698,2034.0,122.0,360.0,1.0
144,LP001508,Male,Yes,2,Graduate,No,Urban,Y,11757,0.0,187.0,180.0,1.0
145,LP001514,Female,Yes,0,Graduate,No,Semiurban,Y,2330,4486.0,100.0,360.0,1.0
146,LP001516,Female,Yes,2,Graduate,No,Urban,Y,14866,0.0,70.0,360.0,1.0
147,LP001518,Male,Yes,1,Graduate,No,Urban,Y,1538,1425.0,30.0,360.0,1.0
148,LP001519,Female,No,0,Graduate,No,Rural,N,10000,1666.0,225.0,360.0,1.0
149,LP001520,Male,Yes,0,Graduate,No,Semiurban,Y,4860,830.0,125.0,360.0,1.0
150,LP001528,Male,No,0,Graduate,No,Rural,N,6277,0.0,118.0,360.0,0.0
151,LP001529,Male,Yes,0,Graduate,Yes,Rural,Y,2577,3750.0,152.0,360.0,1.0
152,LP001531,Male,No,0,Graduate,No,Urban,N,9166,0.0,244.0,360.0,1.0
153,LP001532,Male,Yes,2,Not Graduate,No,Rural,N,2281,0.0,113.0,360.0,1.0
154,LP001535,Male,No,0,Graduate,No,Urban,Y,3254,0.0,50.0,360.0,1.0
155,LP001536,Male,Yes,3+,Graduate,No,Semiurban,Y,39999,0.0,600.0,180.0,0.0
156,LP001541,Male,Yes,1,Graduate,No,Rural,Y,6000,0.0,160.0,360.0,0.8421985815602837
157,LP001543,Male,Yes,1,Graduate,No,Urban,Y,9538,0.0,187.0,360.0,1.0
158,LP001546,Male,No,0,Graduate,No,Rural,Y,2980,2083.0,120.0,360.0,1.0
159,LP001552,Male,Yes,0,Graduate,No,Semiurban,Y,4583,5625.0,255.0,360.0,1.0
160,LP001560,Male,Yes,0,Not Graduate,No,Semiurban,Y,1863,1041.0,98.0,360.0,1.0
161,LP001562,Male,Yes,0,Graduate,No,Urban,N,7933,0.0,275.0,360.0,1.0
162,LP001565,Male,Yes,1,Graduate,No,Semiurban,N,3089,1280.0,121.0,360.0,0.0
163,LP001570,Male,Yes,2,Graduate,No,Rural,Y,4167,1447.0,158.0,360.0,1.0
164,LP001572,Male,Yes,0,Graduate,No,Urban,Y,9323,0.0,75.0,180.0,1.0
165,LP001574,Male,Yes,0,Graduate,No,Rural,Y,3707,3166.0,182.0,342.0,1.0
166,LP001577,Female,Yes,0,Graduate,No,Rural,N,4583,0.0,112.0,360.0,1.0
167,LP001578,Male,Yes,0,Graduate,No,Rural,Y,2439,3333.0,129.0,360.0,1.0
168,LP001579,Male,No,0,Graduate,No,Semiurban,N,2237,0.0,63.0,480.0,0.0
169,LP001580,Male,Yes,2,Graduate,No,Semiurban,Y,8000,0.0,200.0,360.0,1.0
170,LP001581,Male,Yes,0,Not Graduate,No,Rural,Y,1820,1769.0,95.0,360.0,1.0
171,LP001585,Male,Yes,3+,Graduate,No,Urban,Y,51763,0.0,700.0,300.0,1.0
172,LP001586,Male,Yes,3+,Not Graduate,No,Rural,N,3522,0.0,81.0,180.0,1.0
173,LP001594,Male,Yes,0,Graduate,No,Semiurban,Y,5708,5625.0,187.0,360.0,1.0
174,LP001603,Male,Yes,0,Not Graduate,Yes,Semiurban,N,4344,736.0,87.0,360.0,1.0
175,LP001606,Male,Yes,0,Graduate,No,Rural,Y,3497,1964.0,116.0,360.0,1.0
176,LP001608,Male,Yes,2,Graduate,No,Rural,Y,2045,1619.0,101.0,360.0,1.0
177,LP001610,Male,Yes,3+,Graduate,No,Semiurban,N,5516,11300.0,495.0,360.0,0.0
178,LP001616,Male,Yes,1,Graduate,No,Semiurban,Y,3750,0.0,116.0,360.0,1.0
179,LP001630,Male,No,0,Not Graduate,No,Urban,N,2333,1451.0,102.0,480.0,0.0
180,LP001633,Male,Yes,1,Graduate,No,Urban,N,6400,7250.0,180.0,360.0,0.0
181,LP001634,Male,No,0,Graduate,No,Rural,N,1916,5063.0,67.0,360.0,0.8421985815602837
182,LP001636,Male,Yes,0,Graduate,No,Semiurban,Y,4600,0.0,73.0,180.0,1.0
183,LP001637,Male,Yes,1,Graduate,No,Semiurban,N,33846,0.0,260.0,360.0,1.0
184,LP001639,Female,Yes,0,Graduate,No,Semiurban,Y,3625,0.0,108.0,360.0,1.0
185,LP001640,Male,Yes,0,Graduate,Yes,Semiurban,Y,39147,4750.0,120.0,360.0,1.0
186,LP001641,Male,Yes,1,Graduate,Yes,Rural,N,2178,0.0,66.0,300.0,0.0
187,LP001643,Male,Yes,0,Graduate,No,Rural,Y,2383,2138.0,58.0,360.0,0.8421985815602837
188,LP001644,Male,Yes,0,Graduate,Yes,Rural,Y,674,5296.0,168.0,360.0,1.0
189,LP001647,Male,Yes,0,Graduate,No,Rural,Y,9328,0.0,188.0,180.0,1.0
190,LP001653,Male,No,0,Not Graduate,No,Rural,Y,4885,0.0,48.0,360.0,1.0
191,LP001656,Male,No,0,Graduate,No,Semiurban,N,12000,0.0,164.0,360.0,1.0
192,LP001657,Male,Yes,0,Not Graduate,No,Urban,N,6033,0.0,160.0,360.0,1.0
193,LP001658,Male,No,0,Graduate,No,Semiurban,Y,3858,0.0,76.0,360.0,1.0
194,LP001664,Male,No,0,Graduate,No,Rural,Y,4191,0.0,120.0,360.0,1.0
195,LP001665,Male,Yes,1,Graduate,No,Semiurban,N,3125,2583.0,170.0,360.0,1.0
196,LP001666,Male,No,0,Graduate,No,Rural,Y,8333,3750.0,187.0,360.0,1.0
197,LP001669,Female,No,0,Not Graduate,No,Urban,Y,1907,2365.0,120.0,342.0,1.0
198,LP001671,Female,Yes,0,Graduate,No,Semiurban,Y,3416,2816.0,113.0,360.0,0.8421985815602837
199,LP001673,Male,No,0,Graduate,Yes,Urban,N,11000,0.0,83.0,360.0,1.0
200,LP001674,Male,Yes,1,Not Graduate,No,Semiurban,Y,2600,2500.0,90.0,360.0,1.0
201,LP001677,Male,No,2,Graduate,No,Semiurban,Y,4923,0.0,166.0,360.0,0.0
202,LP001682,Male,Yes,3+,Not Graduate,No,Urban,N,3992,0.0,146.41216216216216,180.0,1.0
203,LP001688,Male,Yes,1,Not Graduate,No,Urban,Y,3500,1083.0,135.0,360.0,1.0
204,LP001691,Male,Yes,2,Not Graduate,No,Semiurban,Y,3917,0.0,124.0,360.0,1.0
205,LP001692,Female,No,0,Not Graduate,No,Semiurban,Y,4408,0.0,120.0,360.0,1.0
206,LP001693,Female,No,0,Graduate,No,Urban,Y,3244,0.0,80.0,360.0,1.0
207,LP001698,Male,No,0,Not Graduate,No,Rural,Y,3975,2531.0,55.0,360.0,1.0
208,LP001699,Male,No,0,Graduate,No,Urban,Y,2479,0.0,59.0,360.0,1.0
209,LP001702,Male,No,0,Graduate,No,Semiurban,N,3418,0.0,127.0,360.0,1.0
210,LP001708,Female,No,0,Graduate,No,Semiurban,N,10000,0.0,214.0,360.0,1.0
211,LP001711,Male,Yes,3+,Graduate,No,Semiurban,N,3430,1250.0,128.0,360.0,0.0
212,LP001713,Male,Yes,1,Graduate,Yes,Urban,Y,7787,0.0,240.0,360.0,1.0
213,LP001715,Male,Yes,3+,Not Graduate,Yes,Rural,Y,5703,0.0,130.0,360.0,1.0
214,LP001716,Male,Yes,0,Graduate,No,Urban,Y,3173,3021.0,137.0,360.0,1.0
215,LP001720,Male,Yes,3+,Not Graduate,No,Semiurban,Y,3850,983.0,100.0,360.0,1.0
216,LP001722,Male,Yes,0,Graduate,No,Rural,N,150,1800.0,135.0,360.0,1.0
217,LP001726,Male,Yes,0,Graduate,No,Semiurban,Y,3727,1775.0,131.0,360.0,1.0
218,LP001732,Male,Yes,2,Graduate,No,Semiurban,N,5000,0.0,72.0,360.0,0.0
219,LP001734,Female,Yes,2,Graduate,No,Semiurban,Y,4283,2383.0,127.0,360.0,0.8421985815602837
220,LP001736,Male,Yes,0,Graduate,No,Urban,N,2221,0.0,60.0,360.0,0.0
221,LP001743,Male,Yes,2,Graduate,No,Semiurban,Y,4009,1717.0,116.0,360.0,1.0
222,LP001744,Male,No,0,Graduate,No,Semiurban,Y,2971,2791.0,144.0,360.0,1.0
223,LP001749,Male,Yes,0,Graduate,No,Semiurban,Y,7578,1010.0,175.0,342.0,1.0
224,LP001750,Male,Yes,0,Graduate,No,Semiurban,Y,6250,0.0,128.0,360.0,1.0
225,LP001751,Male,Yes,0,Graduate,No,Rural,N,3250,0.0,170.0,360.0,1.0
226,LP001754,Male,Yes,0,Not Graduate,Yes,Urban,N,4735,0.0,138.0,360.0,1.0
227,LP001758,Male,Yes,2,Graduate,No,Semiurban,Y,6250,1695.0,210.0,360.0,1.0
228,LP001760,Male,Yes,0,Graduate,No,Semiurban,Y,4758,0.0,158.0,480.0,1.0
229,LP001761,Male,No,0,Graduate,Yes,Rural,Y,6400,0.0,200.0,360.0,1.0
230,LP001765,Male,Yes,1,Graduate,No,Semiurban,Y,2491,2054.0,104.0,360.0,1.0
231,LP001768,Male,Yes,0,Graduate,No,Rural,Y,3716,0.0,42.0,180.0,1.0
232,LP001770,Male,No,0,Not Graduate,No,Rural,Y,3189,2598.0,120.0,342.0,1.0
233,LP001776,Female,No,0,Graduate,No,Semiurban,Y,8333,0.0,280.0,360.0,1.0
234,LP001778,Male,Yes,1,Graduate,No,Semiurban,Y,3155,1779.0,140.0,360.0,1.0
235,LP001784,Male,Yes,1,Graduate,No,Rural,Y,5500,1260.0,170.0,360.0,1.0
236,LP001786,Male,Yes,0,Graduate,No,Urban,N,5746,0.0,255.0,360.0,0.8421985815602837
237,LP001788,Female,No,0,Graduate,Yes,Urban,Y,3463,0.0,122.0,360.0,0.8421985815602837
238,LP001790,Female,No,1,Graduate,No,Rural,Y,3812,0.0,112.0,360.0,1.0
239,LP001792,Male,Yes,1,Graduate,No,Semiurban,Y,3315,0.0,96.0,360.0,1.0
240,LP001798,Male,Yes,2,Graduate,No,Rural,Y,5819,5000.0,120.0,360.0,1.0
241,LP001800,Male,Yes,1,Not Graduate,No,Urban,N,2510,1983.0,140.0,180.0,1.0
242,LP001806,Male,No,0,Graduate,No,Urban,Y,2965,5701.0,155.0,60.0,1.0
243,LP001807,Male,Yes,2,Graduate,Yes,Rural,Y,6250,1300.0,108.0,360.0,1.0
244,LP001811,Male,Yes,0,Not Graduate,No,Semiurban,Y,3406,4417.0,123.0,360.0,1.0
245,LP001813,Male,No,0,Graduate,Yes,Urban,N,6050,4333.0,120.0,180.0,1.0
246,LP001814,Male,Yes,2,Graduate,No,Urban,Y,9703,0.0,112.0,360.0,1.0
247,LP001819,Male,Yes,1,Not Graduate,No,Urban,Y,6608,0.0,137.0,180.0,1.0
248,LP001824,Male,Yes,1,Graduate,No,Semiurban,Y,2882,1843.0,123.0,480.0,1.0
249,LP001825,Male,Yes,0,Graduate,No,Urban,Y,1809,1868.0,90.0,360.0,1.0
250,LP001835,Male,Yes,0,Not Graduate,No,Semiurban,N,1668,3890.0,201.0,360.0,0.0
251,LP001836,Female,No,2,Graduate,No,Urban,N,3427,0.0,138.0,360.0,1.0
252,LP001841,Male,No,0,Not Graduate,Yes,Rural,Y,2583,2167.0,104.0,360.0,1.0
253,LP001843,Male,Yes,1,Not Graduate,No,Semiurban,Y,2661,7101.0,279.0,180.0,1.0
254,LP001844,Male,No,0,Graduate,Yes,Urban,N,16250,0.0,192.0,360.0,0.0
255,LP001846,Female,No,3+,Graduate,No,Rural,Y,3083,0.0,255.0,360.0,1.0
256,LP001849,Male,No,0,Not Graduate,No,Rural,N,6045,0.0,115.0,360.0,0.0
257,LP001854,Male,Yes,3+,Graduate,No,Urban,N,5250,0.0,94.0,360.0,1.0
258,LP001859,Male,Yes,0,Graduate,No,Rural,N,14683,2100.0,304.0,360.0,1.0
259,LP001864,Male,Yes,3+,Not Graduate,No,Semiurban,N,4931,0.0,128.0,360.0,0.8421985815602837
260,LP001865,Male,Yes,1,Graduate,No,Urban,Y,6083,4250.0,330.0,360.0,0.8421985815602837
261,LP001868,Male,No,0,Graduate,No,Semiurban,Y,2060,2209.0,134.0,360.0,1.0
262,LP001870,Female,No,1,Graduate,No,Semiurban,N,3481,0.0,155.0,36.0,1.0
263,LP001871,Female,No,0,Graduate,No,Rural,Y,7200,0.0,120.0,360.0,1.0
264,LP001872,Male,No,0,Graduate,Yes,Semiurban,Y,5166,0.0,128.0,360.0,1.0
265,LP001875,Male,No,0,Graduate,No,Rural,Y,4095,3447.0,151.0,360.0,1.0
266,LP001877,Male,Yes,2,Graduate,No,Semiurban,Y,4708,1387.0,150.0,360.0,1.0
267,LP001882,Male,Yes,3+,Graduate,No,Urban,Y,4333,1811.0,160.0,360.0,0.0
268,LP001883,Female,No,0,Graduate,No,Rural,N,3418,0.0,135.0,360.0,1.0
269,LP001884,Female,No,1,Graduate,No,Urban,Y,2876,1560.0,90.0,360.0,1.0
270,LP001888,Female,No,0,Graduate,No,Urban,Y,3237,0.0,30.0,360.0,1.0
271,LP001891,Male,Yes,0,Graduate,No,Urban,Y,11146,0.0,136.0,360.0,1.0
272,LP001892,Male,No,0,Graduate,No,Rural,Y,2833,1857.0,126.0,360.0,1.0
273,LP001894,Male,Yes,0,Graduate,No,Semiurban,Y,2620,2223.0,150.0,360.0,1.0
274,LP001896,Male,Yes,2,Graduate,No,Semiurban,Y,3900,0.0,90.0,360.0,1.0
275,LP001900,Male,Yes,1,Graduate,No,Semiurban,Y,2750,1842.0,115.0,360.0,1.0
276,LP001903,Male,Yes,0,Graduate,No,Semiurban,Y,3993,3274.0,207.0,360.0,1.0
277,LP001904,Male,Yes,0,Graduate,No,Urban,Y,3103,1300.0,80.0,360.0,1.0
278,LP001907,Male,Yes,0,Graduate,No,Semiurban,Y,14583,0.0,436.0,360.0,1.0
279,LP001908,Female,Yes,0,Not Graduate,No,Rural,Y,4100,0.0,124.0,360.0,0.8421985815602837
280,LP001910,Male,No,1,Not Graduate,Yes,Urban,N,4053,2426.0,158.0,360.0,0.0
281,LP001914,Male,Yes,0,Graduate,No,Semiurban,Y,3927,800.0,112.0,360.0,1.0
282,LP001915,Male,Yes,2,Graduate,No,Urban,Y,2301,985.7999877999998,78.0,180.0,1.0
283,LP001917,Female,No,0,Graduate,No,Urban,Y,1811,1666.0,54.0,360.0,1.0
284,LP001922,Male,Yes,0,Graduate,No,Rural,N,20667,0.0,146.41216216216216,360.0,1.0
285,LP001924,Male,No,0,Graduate,No,Rural,Y,3158,3053.0,89.0,360.0,1.0
286,LP001925,Female,No,0,Graduate,Yes,Semiurban,N,2600,1717.0,99.0,300.0,1.0
287,LP001926,Male,Yes,0,Graduate,No,Rural,Y,3704,2000.0,120.0,360.0,1.0
288,LP001931,Female,No,0,Graduate,No,Semiurban,Y,4124,0.0,115.0,360.0,1.0
289,LP001935,Male,No,0,Graduate,No,Rural,Y,9508,0.0,187.0,360.0,1.0
290,LP001936,Male,Yes,0,Graduate,No,Rural,Y,3075,2416.0,139.0,360.0,1.0
291,LP001938,Male,Yes,2,Graduate,No,Semiurban,N,4400,0.0,127.0,360.0,0.0
292,LP001940,Male,Yes,2,Graduate,No,Urban,Y,3153,1560.0,134.0,360.0,1.0
293,LP001945,Female,No,0,Graduate,No,Urban,N,5417,0.0,143.0,480.0,0.0
294,LP001947,Male,Yes,0,Graduate,No,Semiurban,Y,2383,3334.0,172.0,360.0,1.0
295,LP001949,Male,Yes,3+,Graduate,No,Urban,Y,4416,1250.0,110.0,360.0,1.0
296,LP001953,Male,Yes,1,Graduate,No,Semiurban,Y,6875,0.0,200.0,360.0,1.0
297,LP001954,Female,Yes,1,Graduate,No,Urban,Y,4666,0.0,135.0,360.0,1.0
298,LP001955,Female,No,0,Graduate,No,Rural,N,5000,2541.0,151.0,480.0,1.0
299,LP001963,Male,Yes,1,Graduate,No,Urban,N,2014,2925.0,113.0,360.0,1.0
300,LP001964,Male,Yes,0,Not Graduate,No,Urban,N,1800,2934.0,93.0,360.0,0.0
301,LP001972,Male,Yes,0,Not Graduate,No,Semiurban,Y,2875,1750.0,105.0,360.0,1.0
302,LP001974,Female,No,0,Graduate,No,Rural,Y,5000,0.0,132.0,360.0,1.0
303,LP001977,Male,Yes,1,Graduate,No,Urban,Y,1625,1803.0,96.0,360.0,1.0
304,LP001978,Male,No,0,Graduate,No,Rural,Y,4000,2500.0,140.0,360.0,1.0
305,LP001990,Male,No,0,Not Graduate,No,Urban,N,2000,0.0,146.41216216216216,360.0,1.0
306,LP001993,Female,No,0,Graduate,No,Rural,Y,3762,1666.0,135.0,360.0,1.0
307,LP001994,Female,No,0,Graduate,No,Urban,N,2400,1863.0,104.0,360.0,0.0
308,LP001996,Male,No,0,Graduate,No,Rural,N,20233,0.0,480.0,360.0,1.0
309,LP001998,Male,Yes,2,Not Graduate,No,Rural,Y,7667,0.0,185.0,360.0,0.8421985815602837
310,LP002002,Female,No,0,Graduate,No,Semiurban,Y,2917,0.0,84.0,360.0,1.0
311,LP002004,Male,No,0,Not Graduate,No,Semiurban,Y,2927,2405.0,111.0,360.0,1.0
312,LP002006,Female,No,0,Graduate,No,Rural,Y,2507,0.0,56.0,360.0,1.0
313,LP002008,Male,Yes,2,Graduate,Yes,Rural,Y,5746,0.0,144.0,84.0,0.8421985815602837
314,LP002024,Male,Yes,0,Graduate,No,Rural,N,2473,1843.0,159.0,360.0,1.0
315,LP002031,Male,Yes,1,Not Graduate,No,Urban,Y,3399,1640.0,111.0,180.0,1.0
316,LP002035,Male,Yes,2,Graduate,No,Semiurban,Y,3717,0.0,120.0,360.0,1.0
317,LP002036,Male,Yes,0,Graduate,No,Urban,Y,2058,2134.0,88.0,360.0,0.8421985815602837
318,LP002043,Female,No,1,Graduate,No,Semiurban,Y,3541,0.0,112.0,360.0,0.8421985815602837
319,LP002050,Male,Yes,1,Graduate,Yes,Rural,N,10000,0.0,155.0,360.0,1.0
320,LP002051,Male,Yes,0,Graduate,No,Semiurban,Y,2400,2167.0,115.0,360.0,1.0
321,LP002053,Male,Yes,3+,Graduate,No,Semiurban,Y,4342,189.0,124.0,360.0,1.0
322,LP002054,Male,Yes,2,Not Graduate,No,Rural,Y,3601,1590.0,146.41216216216216,360.0,1.0
323,LP002055,Female,No,0,Graduate,No,Rural,Y,3166,2985.0,132.0,360.0,0.8421985815602837
324,LP002065,Male,Yes,3+,Graduate,No,Rural,Y,15000,0.0,300.0,360.0,1.0
325,LP002067,Male,Yes,1,Graduate,Yes,Rural,N,8666,4983.0,376.0,360.0,0.0
326,LP002068,Male,No,0,Graduate,No,Rural,Y,4917,0.0,130.0,360.0,0.0
327,LP002082,Male,Yes,0,Graduate,Yes,Semiurban,Y,5818,2160.0,184.0,360.0,1.0
328,LP002086,Female,Yes,0,Graduate,No,Urban,N,4333,2451.0,110.0,360.0,1.0
329,LP002087,Female,No,0,Graduate,No,Urban,Y,2500,0.0,67.0,360.0,1.0
330,LP002097,Male,No,1,Graduate,No,Urban,Y,4384,1793.0,117.0,360.0,1.0
331,LP002098,Male,No,0,Graduate,No,Semiurban,Y,2935,0.0,98.0,360.0,1.0
332,LP002100,Male,No,0,Graduate,No,Urban,Y,2833,0.0,71.0,360.0,1.0
333,LP002101,Male,Yes,0,Graduate,No,Urban,Y,63337,0.0,490.0,180.0,1.0
334,LP002103,Male,Yes,1,Graduate,Yes,Urban,Y,9833,1833.0,182.0,180.0,1.0
335,LP002106,Male,Yes,0,Graduate,Yes,Semiurban,Y,5503,4490.0,70.0,342.0,1.0
336,LP002110,Male,Yes,1,Graduate,No,Rural,Y,5250,688.0,160.0,360.0,1.0
337,LP002112,Male,Yes,2,Graduate,Yes,Rural,Y,2500,4600.0,176.0,360.0,1.0
338,LP002113,Female,No,3+,Not Graduate,No,Urban,N,1830,0.0,146.41216216216216,360.0,0.0
339,LP002114,Female,No,0,Graduate,No,Semiurban,Y,4160,0.0,71.0,360.0,1.0
340,LP002115,Male,Yes,3+,Not Graduate,No,Rural,N,2647,1587.0,173.0,360.0,1.0
341,LP002116,Female,No,0,Graduate,No,Rural,N,2378,0.0,46.0,360.0,1.0
342,LP002119,Male,Yes,1,Not Graduate,No,Urban,Y,4554,1229.0,158.0,360.0,1.0
343,LP002126,Male,Yes,3+,Not Graduate,No,Semiurban,Y,3173,0.0,74.0,360.0,1.0
344,LP002128,Male,Yes,2,Graduate,No,Rural,Y,2583,2330.0,125.0,360.0,1.0
345,LP002129,Male,Yes,0,Graduate,No,Semiurban,Y,2499,2458.0,160.0,360.0,1.0
346,LP002130,Male,Yes,0,Not Graduate,No,Rural,N,3523,3230.0,152.0,360.0,0.0
347,LP002131,Male,Yes,2,Not Graduate,No,Urban,Y,3083,2168.0,126.0,360.0,1.0
348,LP002137,Male,Yes,0,Graduate,No,Semiurban,Y,6333,4583.0,259.0,360.0,0.8421985815602837
349,LP002138,Male,Yes,0,Graduate,No,Rural,Y,2625,6250.0,187.0,360.0,1.0
350,LP002139,Male,Yes,0,Graduate,No,Semiurban,Y,9083,0.0,228.0,360.0,1.0
351,LP002140,Male,No,0,Graduate,No,Rural,N,8750,4167.0,308.0,360.0,1.0
352,LP002141,Male,Yes,3+,Graduate,No,Rural,Y,2666,2083.0,95.0,360.0,1.0
353,LP002142,Female,Yes,0,Graduate,Yes,Rural,N,5500,0.0,105.0,360.0,0.0
354,LP002143,Female,Yes,0,Graduate,No,Semiurban,Y,2423,505.0,130.0,360.0,1.0
355,LP002144,Female,No,0,Graduate,No,Urban,Y,3813,0.0,116.0,180.0,1.0
356,LP002149,Male,Yes,2,Graduate,No,Rural,Y,8333,3167.0,165.0,360.0,1.0
357,LP002151,Male,Yes,1,Graduate,No,Urban,N,3875,0.0,67.0,360.0,1.0
358,LP002158,Male,Yes,0,Not Graduate,No,Urban,N,3000,1666.0,100.0,480.0,0.0
359,LP002160,Male,Yes,3+,Graduate,No,Semiurban,Y,5167,3167.0,200.0,360.0,1.0
360,LP002161,Female,No,1,Graduate,No,Semiurban,N,4723,0.0,81.0,360.0,1.0
361,LP002170,Male,Yes,2,Graduate,No,Semiurban,Y,5000,3667.0,236.0,360.0,1.0
362,LP002175,Male,Yes,0,Graduate,No,Urban,Y,4750,2333.0,130.0,360.0,1.0
363,LP002178,Male,Yes,0,Graduate,No,Urban,Y,3013,3033.0,95.0,300.0,0.8421985815602837
364,LP002180,Male,No,0,Graduate,Yes,Rural,Y,6822,0.0,141.0,360.0,1.0
365,LP002181,Male,No,0,Not Graduate,No,Rural,N,6216,0.0,133.0,360.0,1.0
366,LP002187,Male,No,0,Graduate,No,Semiurban,N,2500,0.0,96.0,480.0,1.0
367,LP002188,Male,No,0,Graduate,No,Rural,N,5124,0.0,124.0,342.0,0.0
368,LP002190,Male,Yes,1,Graduate,No,Semiurban,Y,6325,0.0,175.0,360.0,1.0
369,LP002191,Male,Yes,0,Graduate,No,Rural,N,19730,5266.0,570.0,360.0,1.0
370,LP002194,Female,No,0,Graduate,Yes,Semiurban,Y,15759,0.0,55.0,360.0,1.0
371,LP002197,Male,Yes,2,Graduate,No,Semiurban,Y,5185,0.0,155.0,360.0,1.0
372,LP002201,Male,Yes,2,Graduate,Yes,Rural,Y,9323,7873.0,380.0,300.0,1.0
373,LP002205,Male,No,1,Graduate,No,Urban,N,3062,1987.0,111.0,180.0,0.0
374,LP002209,Female,No,0,Graduate,No,Urban,Y,2764,1459.0,110.0,360.0,1.0
375,LP002211,Male,Yes,0,Graduate,No,Urban,Y,4817,923.0,120.0,180.0,1.0
376,LP002219,Male,Yes,3+,Graduate,No,Rural,Y,8750,4996.0,130.0,360.0,1.0
377,LP002223,Male,Yes,0,Graduate,No,Semiurban,Y,4310,0.0,130.0,360.0,0.8421985815602837
378,LP002224,Male,No,0,Graduate,No,Urban,N,3069,0.0,71.0,480.0,1.0
379,LP002225,Male,Yes,2,Graduate,No,Urban,Y,5391,0.0,130.0,360.0,1.0
380,LP002226,Male,Yes,0,Graduate,No,Semiurban,Y,3333,2500.0,128.0,360.0,1.0
381,LP002229,Male,No,0,Graduate,No,Semiurban,Y,5941,4232.0,296.0,360.0,1.0
382,LP002231,Female,No,0,Graduate,No,Urban,Y,6000,0.0,156.0,360.0,1.0
383,LP002234,Male,No,0,Graduate,Yes,Urban,Y,7167,0.0,128.0,360.0,1.0
384,LP002236,Male,Yes,2,Graduate,No,Urban,N,4566,0.0,100.0,360.0,1.0
385,LP002237,Male,No,1,Graduate,No,Urban,Y,3667,0.0,113.0,180.0,1.0
386,LP002239,Male,No,0,Not Graduate,No,Semiurban,Y,2346,1600.0,132.0,360.0,1.0
387,LP002243,Male,Yes,0,Not Graduate,No,Urban,N,3010,3136.0,146.41216216216216,360.0,0.0
388,LP002244,Male,Yes,0,Graduate,No,Urban,Y,2333,2417.0,136.0,360.0,1.0
389,LP002250,Male,Yes,0,Graduate,No,Rural,Y,5488,0.0,125.0,360.0,1.0
390,LP002255,Male,No,3+,Graduate,No,Rural,Y,9167,0.0,185.0,360.0,1.0
391,LP002262,Male,Yes,3+,Graduate,No,Rural,Y,9504,0.0,275.0,360.0,1.0
392,LP002263,Male,Yes,0,Graduate,No,Urban,Y,2583,2115.0,120.0,360.0,0.8421985815602837
393,LP002265,Male,Yes,2,Not Graduate,No,Semiurban,Y,1993,1625.0,113.0,180.0,1.0
394,LP002266,Male,Yes,2,Graduate,No,Urban,Y,3100,1400.0,113.0,360.0,1.0
395,LP002272,Male,Yes,2,Graduate,No,Semiurban,Y,3276,484.0,135.0,360.0,0.8421985815602837
396,LP002277,Female,No,0,Graduate,No,Urban,N,3180,0.0,71.0,360.0,0.0
397,LP002281,Male,Yes,0,Graduate,No,Urban,Y,3033,1459.0,95.0,360.0,1.0
398,LP002284,Male,No,0,Not Graduate,No,Rural,Y,3902,1666.0,109.0,360.0,1.0
399,LP002287,Female,No,0,Graduate,No,Semiurban,N,1500,1800.0,103.0,360.0,0.0
400,LP002288,Male,Yes,2,Not Graduate,No,Urban,N,2889,0.0,45.0,180.0,0.0
401,LP002296,Male,No,0,Not Graduate,No,Rural,N,2755,0.0,65.0,300.0,1.0
402,LP002297,Male,No,0,Graduate,No,Semiurban,Y,2500,20000.0,103.0,360.0,1.0
403,LP002300,Female,No,0,Not Graduate,No,Semiurban,Y,1963,0.0,53.0,360.0,1.0
404,LP002301,Female,No,0,Graduate,Yes,Rural,N,7441,0.0,194.0,360.0,1.0
405,LP002305,Female,No,0,Graduate,No,Semiurban,Y,4547,0.0,115.0,360.0,1.0
406,LP002308,Male,Yes,0,Not Graduate,No,Urban,Y,2167,2400.0,115.0,360.0,1.0
407,LP002314,Female,No,0,Not Graduate,No,Rural,Y,2213,0.0,66.0,360.0,1.0
408,LP002315,Male,Yes,1,Graduate,No,Semiurban,N,8300,0.0,152.0,300.0,0.0
409,LP002317,Male,Yes,3+,Graduate,No,Rural,N,81000,0.0,360.0,360.0,0.0
410,LP002318,Female,No,1,Not Graduate,Yes,Semiurban,N,3867,0.0,62.0,360.0,1.0
411,LP002319,Male,Yes,0,Graduate,No,Urban,Y,6256,0.0,160.0,360.0,0.8421985815602837
412,LP002328,Male,Yes,0,Not Graduate,No,Rural,N,6096,0.0,218.0,360.0,0.0
413,LP002332,Male,Yes,0,Not Graduate,No,Rural,Y,2253,2033.0,110.0,360.0,1.0
414,LP002335,Female,Yes,0,Not Graduate,No,Semiurban,N,2149,3237.0,178.0,360.0,0.0
415,LP002337,Female,No,0,Graduate,No,Urban,Y,2995,0.0,60.0,360.0,1.0
416,LP002341,Female,No,1,Graduate,No,Urban,N,2600,0.0,160.0,360.0,1.0
417,LP002342,Male,Yes,2,Graduate,Yes,Urban,N,1600,20000.0,239.0,360.0,1.0
418,LP002345,Male,Yes,0,Graduate,No,Rural,Y,1025,2773.0,112.0,360.0,1.0
419,LP002347,Male,Yes,0,Graduate,No,Semiurban,Y,3246,1417.0,138.0,360.0,1.0
420,LP002348,Male,Yes,0,Graduate,No,Rural,Y,5829,0.0,138.0,360.0,1.0
421,LP002357,Female,No,0,Not Graduate,No,Urban,N,2720,0.0,80.0,342.0,0.0
422,LP002361,Male,Yes,0,Graduate,No,Urban,Y,1820,1719.0,100.0,360.0,1.0
423,LP002362,Male,Yes,1,Graduate,No,Urban,N,7250,1667.0,110.0,342.0,0.0
424,LP002364,Male,Yes,0,Graduate,No,Semiurban,Y,14880,0.0,96.0,360.0,1.0
425,LP002366,Male,Yes,0,Graduate,No,Rural,Y,2666,4300.0,121.0,360.0,1.0
426,LP002367,Female,No,1,Not Graduate,No,Rural,N,4606,0.0,81.0,360.0,1.0
427,LP002368,Male,Yes,2,Graduate,No,Semiurban,Y,5935,0.0,133.0,360.0,1.0
428,LP002369,Male,Yes,0,Graduate,No,Rural,Y,2920,16.12000084,87.0,360.0,1.0
429,LP002370,Male,No,0,Not Graduate,No,Urban,Y,2717,0.0,60.0,180.0,1.0
430,LP002377,Female,No,1,Graduate,Yes,Semiurban,Y,8624,0.0,150.0,360.0,1.0
431,LP002379,Male,No,0,Graduate,No,Rural,N,6500,0.0,105.0,360.0,0.0
432,LP002386,Male,No,0,Graduate,No,Semiurban,Y,12876,0.0,405.0,360.0,1.0
433,LP002387,Male,Yes,0,Graduate,No,Semiurban,Y,2425,2340.0,143.0,360.0,1.0
434,LP002390,Male,No,0,Graduate,No,Urban,Y,3750,0.0,100.0,360.0,1.0
435,LP002393,Female,Yes,0,Graduate,No,Semiurban,Y,10047,0.0,146.41216216216216,240.0,1.0
436,LP002398,Male,No,0,Graduate,No,Semiurban,Y,1926,1851.0,50.0,360.0,1.0
437,LP002401,Male,Yes,0,Graduate,No,Urban,Y,2213,1125.0,146.41216216216216,360.0,1.0
438,LP002403,Male,No,0,Graduate,Yes,Urban,N,10416,0.0,187.0,360.0,0.0
439,LP002407,Female,Yes,0,Not Graduate,Yes,Rural,Y,7142,0.0,138.0,360.0,1.0
440,LP002408,Male,No,0,Graduate,No,Semiurban,Y,3660,5064.0,187.0,360.0,1.0
441,LP002409,Male,Yes,0,Graduate,No,Rural,Y,7901,1833.0,180.0,360.0,1.0
442,LP002418,Male,No,3+,Not Graduate,No,Semiurban,Y,4707,1993.0,148.0,360.0,1.0
443,LP002422,Male,No,1,Graduate,No,Semiurban,Y,37719,0.0,152.0,360.0,1.0
444,LP002424,Male,Yes,0,Graduate,No,Rural,Y,7333,8333.0,175.0,300.0,0.8421985815602837
445,LP002429,Male,Yes,1,Graduate,Yes,Rural,Y,3466,1210.0,130.0,360.0,1.0
446,LP002434,Male,Yes,2,Not Graduate,No,Rural,Y,4652,0.0,110.0,360.0,1.0
447,LP002435,Male,Yes,0,Graduate,No,Rural,N,3539,1376.0,55.0,360.0,1.0
448,LP002443,Male,Yes,2,Graduate,No,Rural,N,3340,1710.0,150.0,360.0,0.0
449,LP002444,Male,No,1,Not Graduate,Yes,Semiurban,N,2769,1542.0,190.0,360.0,0.8421985815602837
450,LP002446,Male,Yes,2,Not Graduate,No,Rural,N,2309,1255.0,125.0,360.0,0.0
451,LP002447,Male,Yes,2,Not Graduate,No,Urban,Y,1958,1456.0,60.0,300.0,0.8421985815602837
452,LP002448,Male,Yes,0,Graduate,No,Rural,N,3948,1733.0,149.0,360.0,0.0
453,LP002449,Male,Yes,0,Graduate,No,Rural,Y,2483,2466.0,90.0,180.0,0.0
454,LP002453,Male,No,0,Graduate,Yes,Semiurban,Y,7085,0.0,84.0,360.0,1.0
455,LP002455,Male,Yes,2,Graduate,No,Semiurban,Y,3859,0.0,96.0,360.0,1.0
456,LP002459,Male,Yes,0,Graduate,No,Urban,Y,4301,0.0,118.0,360.0,1.0
457,LP002467,Male,Yes,0,Graduate,No,Urban,N,3708,2569.0,173.0,360.0,1.0
458,LP002472,Male,No,2,Graduate,No,Rural,Y,4354,0.0,136.0,360.0,1.0
459,LP002473,Male,Yes,0,Graduate,No,Semiurban,N,8334,0.0,160.0,360.0,1.0
460,LP002478,Male,Yes,0,Graduate,Yes,Semiurban,Y,2083,4083.0,160.0,360.0,0.8421985815602837
461,LP002484,Male,Yes,3+,Graduate,No,Urban,Y,7740,0.0,128.0,180.0,1.0
462,LP002487,Male,Yes,0,Graduate,No,Rural,Y,3015,2188.0,153.0,360.0,1.0
463,LP002489,Female,No,1,Not Graduate,No,Semiurban,Y,5191,0.0,132.0,360.0,1.0
464,LP002493,Male,No,0,Graduate,No,Semiurban,N,4166,0.0,98.0,360.0,0.0
465,LP002494,Male,No,0,Graduate,No,Rural,Y,6000,0.0,140.0,360.0,1.0
466,LP002500,Male,Yes,3+,Not Graduate,No,Urban,N,2947,1664.0,70.0,180.0,0.0
467,LP002501,Male,Yes,0,Graduate,No,Semiurban,Y,16692,0.0,110.0,360.0,1.0
468,LP002502,Female,Yes,2,Not Graduate,No,Semiurban,Y,210,2917.0,98.0,360.0,1.0
469,LP002505,Male,Yes,0,Graduate,No,Urban,N,4333,2451.0,110.0,360.0,1.0
470,LP002515,Male,Yes,1,Graduate,Yes,Semiurban,Y,3450,2079.0,162.0,360.0,1.0
471,LP002517,Male,Yes,1,Not Graduate,No,Rural,N,2653,1500.0,113.0,180.0,0.0
472,LP002519,Male,Yes,3+,Graduate,No,Semiurban,Y,4691,0.0,100.0,360.0,1.0
473,LP002522,Female,No,0,Graduate,Yes,Urban,Y,2500,0.0,93.0,360.0,0.8421985815602837
474,LP002524,Male,No,2,Graduate,No,Rural,Y,5532,4648.0,162.0,360.0,1.0
475,LP002527,Male,Yes,2,Graduate,Yes,Rural,Y,16525,1014.0,150.0,360.0,1.0
476,LP002529,Male,Yes,2,Graduate,No,Semiurban,Y,6700,1750.0,230.0,300.0,1.0
477,LP002530,Male,Yes,2,Graduate,No,Semiurban,N,2873,1872.0,132.0,360.0,0.0
478,LP002531,Male,Yes,1,Graduate,Yes,Semiurban,Y,16667,2250.0,86.0,360.0,1.0
479,LP002533,Male,Yes,2,Graduate,No,Urban,N,2947,1603.0,146.41216216216216,360.0,1.0
480,LP002534,Female,No,0,Not Graduate,No,Rural,Y,4350,0.0,154.0,360.0,1.0
481,LP002536,Male,Yes,3+,Not Graduate,No,Rural,Y,3095,0.0,113.0,360.0,1.0
482,LP002537,Male,Yes,0,Graduate,No,Semiurban,Y,2083,3150.0,128.0,360.0,1.0
483,LP002541,Male,Yes,0,Graduate,No,Semiurban,Y,10833,0.0,234.0,360.0,1.0
484,LP002543,Male,Yes,2,Graduate,No,Semiurban,Y,8333,0.0,246.0,360.0,1.0
485,LP002544,Male,Yes,1,Not Graduate,No,Rural,Y,1958,2436.0,131.0,360.0,1.0
486,LP002545,Male,No,2,Graduate,No,Rural,N,3547,0.0,80.0,360.0,0.0
487,LP002547,Male,Yes,1,Graduate,No,Urban,N,18333,0.0,500.0,360.0,1.0
488,LP002555,Male,Yes,2,Graduate,Yes,Semiurban,Y,4583,2083.0,160.0,360.0,1.0
489,LP002556,Male,No,0,Graduate,No,Urban,N,2435,0.0,75.0,360.0,1.0
490,LP002560,Male,No,0,Not Graduate,No,Semiurban,Y,2699,2785.0,96.0,360.0,0.8421985815602837
491,LP002562,Male,Yes,1,Not Graduate,No,Urban,Y,5333,1131.0,186.0,360.0,0.8421985815602837
492,LP002571,Male,No,0,Not Graduate,No,Rural,Y,3691,0.0,110.0,360.0,1.0
493,LP002582,Female,No,0,Not Graduate,Yes,Semiurban,Y,17263,0.0,225.0,360.0,1.0
494,LP002585,Male,Yes,0,Graduate,No,Rural,N,3597,2157.0,119.0,360.0,0.0
495,LP002586,Female,Yes,1,Graduate,No,Semiurban,Y,3326,913.0,105.0,84.0,1.0
496,LP002587,Male,Yes,0,Not Graduate,No,Rural,Y,2600,1700.0,107.0,360.0,1.0
497,LP002588,Male,Yes,0,Graduate,No,Urban,Y,4625,2857.0,111.0,12.0,0.8421985815602837
498,LP002600,Male,Yes,1,Graduate,Yes,Semiurban,Y,2895,0.0,95.0,360.0,1.0
499,LP002602,Male,No,0,Graduate,No,Rural,N,6283,4416.0,209.0,360.0,0.0
500,LP002603,Female,No,0,Graduate,No,Rural,Y,645,3683.0,113.0,480.0,1.0
501,LP002606,Female,No,0,Graduate,No,Semiurban,Y,3159,0.0,100.0,360.0,1.0
502,LP002615,Male,Yes,2,Graduate,No,Semiurban,Y,4865,5624.0,208.0,360.0,1.0
503,LP002618,Male,Yes,1,Not Graduate,No,Rural,N,4050,5302.0,138.0,360.0,0.8421985815602837
504,LP002619,Male,Yes,0,Not Graduate,No,Semiurban,Y,3814,1483.0,124.0,300.0,1.0
505,LP002622,Male,Yes,2,Graduate,No,Rural,Y,3510,4416.0,243.0,360.0,1.0
506,LP002624,Male,Yes,0,Graduate,No,Urban,Y,20833,6667.0,480.0,360.0,0.8421985815602837
507,LP002625,Male,No,0,Graduate,No,Urban,N,3583,0.0,96.0,360.0,1.0
508,LP002626,Male,Yes,0,Graduate,Yes,Urban,Y,2479,3013.0,188.0,360.0,1.0
509,LP002634,Female,No,1,Graduate,No,Urban,Y,13262,0.0,40.0,360.0,1.0
510,LP002637,Male,No,0,Not Graduate,No,Rural,N,3598,1287.0,100.0,360.0,1.0
511,LP002640,Male,Yes,1,Graduate,No,Semiurban,Y,6065,2004.0,250.0,360.0,1.0
512,LP002643,Male,Yes,2,Graduate,No,Urban,Y,3283,2035.0,148.0,360.0,1.0
513,LP002648,Male,Yes,0,Graduate,No,Semiurban,N,2130,6666.0,70.0,180.0,1.0
514,LP002652,Male,No,0,Graduate,No,Rural,N,5815,3666.0,311.0,360.0,1.0
515,LP002659,Male,Yes,3+,Graduate,No,Rural,Y,3466,3428.0,150.0,360.0,1.0
516,LP002670,Female,Yes,2,Graduate,No,Semiurban,Y,2031,1632.0,113.0,480.0,1.0
517,LP002682,Male,Yes,0,Not Graduate,No,Semiurban,N,3074,1800.0,123.0,360.0,0.0
518,LP002683,Male,No,0,Graduate,No,Semiurban,N,4683,1915.0,185.0,360.0,1.0
519,LP002684,Female,No,0,Not Graduate,No,Rural,N,3400,0.0,95.0,360.0,1.0
520,LP002689,Male,Yes,2,Not Graduate,No,Semiurban,Y,2192,1742.0,45.0,360.0,1.0
521,LP002690,Male,No,0,Graduate,No,Semiurban,Y,2500,0.0,55.0,360.0,1.0
522,LP002692,Male,Yes,3+,Graduate,Yes,Rural,Y,5677,1424.0,100.0,360.0,1.0
523,LP002693,Male,Yes,2,Graduate,Yes,Rural,Y,7948,7166.0,480.0,360.0,1.0
524,LP002697,Male,No,0,Graduate,No,Semiurban,N,4680,2087.0,146.41216216216216,360.0,1.0
525,LP002699,Male,Yes,2,Graduate,Yes,Rural,Y,17500,0.0,400.0,360.0,1.0
526,LP002705,Male,Yes,0,Graduate,No,Semiurban,Y,3775,0.0,110.0,360.0,1.0
527,LP002706,Male,Yes,1,Not Graduate,No,Semiurban,Y,5285,1430.0,161.0,360.0,0.0
528,LP002714,Male,No,1,Not Graduate,No,Semiurban,Y,2679,1302.0,94.0,360.0,1.0
529,LP002716,Male,No,0,Not Graduate,No,Semiurban,Y,6783,0.0,130.0,360.0,1.0
530,LP002717,Male,Yes,0,Graduate,No,Rural,Y,1025,5500.0,216.0,360.0,0.8421985815602837
531,LP002720,Male,Yes,3+,Graduate,No,Urban,Y,4281,0.0,100.0,360.0,1.0
532,LP002723,Male,No,2,Graduate,No,Rural,N,3588,0.0,110.0,360.0,0.0
533,LP002729,Male,No,1,Graduate,No,Semiurban,N,11250,0.0,196.0,360.0,0.8421985815602837
534,LP002731,Female,No,0,Not Graduate,Yes,Urban,Y,18165,0.0,125.0,360.0,1.0
535,LP002732,Male,No,0,Not Graduate,No,Rural,Y,2550,2042.0,126.0,360.0,1.0
536,LP002734,Male,Yes,0,Graduate,No,Urban,Y,6133,3906.0,324.0,360.0,1.0
537,LP002738,Male,No,2,Graduate,No,Semiurban,Y,3617,0.0,107.0,360.0,1.0
538,LP002739,Male,Yes,0,Not Graduate,No,Rural,N,2917,536.0,66.0,360.0,1.0
539,LP002740,Male,Yes,3+,Graduate,No,Rural,Y,6417,0.0,157.0,180.0,1.0
540,LP002741,Female,Yes,1,Graduate,No,Semiurban,Y,4608,2845.0,140.0,180.0,1.0
541,LP002743,Female,No,0,Graduate,No,Semiurban,N,2138,0.0,99.0,360.0,0.0
542,LP002753,Female,No,1,Graduate,No,Semiurban,Y,3652,0.0,95.0,360.0,1.0
543,LP002755,Male,Yes,1,Not Graduate,No,Urban,Y,2239,2524.0,128.0,360.0,1.0
544,LP002757,Female,Yes,0,Not Graduate,No,Semiurban,Y,3017,663.0,102.0,360.0,0.8421985815602837
545,LP002767,Male,Yes,0,Graduate,No,Rural,Y,2768,1950.0,155.0,360.0,1.0
546,LP002768,Male,No,0,Not Graduate,No,Semiurban,N,3358,0.0,80.0,36.0,1.0
547,LP002772,Male,No,0,Graduate,No,Rural,Y,2526,1783.0,145.0,360.0,1.0
548,LP002776,Female,No,0,Graduate,No,Semiurban,N,5000,0.0,103.0,360.0,0.0
549,LP002777,Male,Yes,0,Graduate,No,Rural,Y,2785,2016.0,110.0,360.0,1.0
550,LP002778,Male,Yes,2,Graduate,Yes,Rural,N,6633,0.0,146.41216216216216,360.0,0.0
551,LP002784,Male,Yes,1,Not Graduate,No,Rural,Y,2492,2375.0,146.41216216216216,360.0,1.0
552,LP002785,Male,Yes,1,Graduate,No,Urban,Y,3333,3250.0,158.0,360.0,1.0
553,LP002788,Male,Yes,0,Not Graduate,No,Urban,N,2454,2333.0,181.0,360.0,0.0
554,LP002789,Male,Yes,0,Graduate,No,Rural,N,3593,4266.0,132.0,180.0,0.0
555,LP002792,Male,Yes,1,Graduate,No,Semiurban,Y,5468,1032.0,26.0,360.0,1.0
556,LP002794,Female,No,0,Graduate,No,Urban,Y,2667,1625.0,84.0,360.0,0.8421985815602837
557,LP002795,Male,Yes,3+,Graduate,Yes,Semiurban,Y,10139,0.0,260.0,360.0,1.0
558,LP002798,Male,Yes,0,Graduate,No,Semiurban,Y,3887,2669.0,162.0,360.0,1.0
559,LP002804,Female,Yes,0,Graduate,No,Semiurban,Y,4180,2306.0,182.0,360.0,1.0
560,LP002807,Male,Yes,2,Not Graduate,No,Semiurban,Y,3675,242.0,108.0,360.0,1.0
561,LP002813,Female,Yes,1,Graduate,Yes,Semiurban,Y,19484,0.0,600.0,360.0,1.0
562,LP002820,Male,Yes,0,Graduate,No,Rural,Y,5923,2054.0,211.0,360.0,1.0
563,LP002821,Male,No,0,Not Graduate,Yes,Semiurban,Y,5800,0.0,132.0,360.0,1.0
564,LP002832,Male,Yes,2,Graduate,No,Urban,N,8799,0.0,258.0,360.0,0.0
565,LP002833,Male,Yes,0,Not Graduate,No,Rural,Y,4467,0.0,120.0,360.0,0.8421985815602837
566,LP002836,Male,No,0,Graduate,No,Urban,Y,3333,0.0,70.0,360.0,1.0
567,LP002837,Male,Yes,3+,Graduate,No,Rural,N,3400,2500.0,123.0,360.0,0.0
568,LP002840,Female,No,0,Graduate,No,Urban,N,2378,0.0,9.0,360.0,1.0
569,LP002841,Male,Yes,0,Graduate,No,Urban,N,3166,2064.0,104.0,360.0,0.0
570,LP002842,Male,Yes,1,Graduate,No,Urban,Y,3417,1750.0,186.0,360.0,1.0
571,LP002847,Male,Yes,0,Graduate,No,Urban,N,5116,1451.0,165.0,360.0,0.0
572,LP002855,Male,Yes,2,Graduate,No,Urban,Y,16666,0.0,275.0,360.0,1.0
573,LP002862,Male,Yes,2,Not Graduate,No,Semiurban,N,6125,1625.0,187.0,480.0,1.0
574,LP002863,Male,Yes,3+,Graduate,No,Semiurban,N,6406,0.0,150.0,360.0,1.0
575,LP002868,Male,Yes,2,Graduate,No,Urban,Y,3159,461.0,108.0,84.0,1.0
576,LP002872,Male,Yes,0,Graduate,No,Semiurban,N,3087,2210.0,136.0,360.0,0.0
577,LP002874,Male,No,0,Graduate,No,Urban,Y,3229,2739.0,110.0,360.0,1.0
578,LP002877,Male,Yes,1,Graduate,No,Rural,Y,1782,2232.0,107.0,360.0,1.0
579,LP002888,Male,No,0,Graduate,No,Urban,Y,3182,2917.0,161.0,360.0,1.0
580,LP002892,Male,Yes,2,Graduate,No,Semiurban,Y,6540,0.0,205.0,360.0,1.0
581,LP002893,Male,No,0,Graduate,No,Urban,N,1836,33837.0,90.0,360.0,1.0
582,LP002894,Female,Yes,0,Graduate,No,Semiurban,Y,3166,0.0,36.0,360.0,1.0
583,LP002898,Male,Yes,1,Graduate,No,Rural,N,1880,0.0,61.0,360.0,0.8421985815602837
584,LP002911,Male,Yes,1,Graduate,No,Rural,N,2787,1917.0,146.0,360.0,0.0
585,LP002912,Male,Yes,1,Graduate,No,Rural,N,4283,3000.0,172.0,84.0,1.0
586,LP002916,Male,Yes,0,Graduate,No,Urban,Y,2297,1522.0,104.0,360.0,1.0
587,LP002917,Female,No,0,Not Graduate,No,Semiurban,Y,2165,0.0,70.0,360.0,1.0
588,LP002925,Male,No,0,Graduate,No,Semiurban,Y,4750,0.0,94.0,360.0,1.0
589,LP002926,Male,Yes,2,Graduate,Yes,Semiurban,N,2726,0.0,106.0,360.0,0.0
590,LP002928,Male,Yes,0,Graduate,No,Semiurban,Y,3000,3416.0,56.0,180.0,1.0
591,LP002931,Male,Yes,2,Graduate,Yes,Semiurban,N,6000,0.0,205.0,240.0,1.0
592,LP002933,Male,No,3+,Graduate,Yes,Semiurban,Y,9357,0.0,292.0,360.0,1.0
593,LP002936,Male,Yes,0,Graduate,No,Rural,Y,3859,3300.0,142.0,180.0,1.0
594,LP002938,Male,Yes,0,Graduate,Yes,Urban,Y,16120,0.0,260.0,360.0,1.0
595,LP002940,Male,No,0,Not Graduate,No,Rural,Y,3833,0.0,110.0,360.0,1.0
596,LP002941,Male,Yes,2,Not Graduate,Yes,Rural,N,6383,1000.0,187.0,360.0,1.0
597,LP002943,Male,No,0,Graduate,No,Semiurban,N,2987,0.0,88.0,360.0,0.0
598,LP002945,Male,Yes,0,Graduate,Yes,Rural,Y,9963,0.0,180.0,360.0,1.0
599,LP002948,Male,Yes,2,Graduate,No,Urban,Y,5780,0.0,192.0,360.0,1.0
600,LP002949,Female,No,3+,Graduate,No,Urban,N,416,41667.0,350.0,180.0,0.8421985815602837
601,LP002950,Male,Yes,0,Not Graduate,No,Rural,Y,2894,2792.0,155.0,360.0,1.0
602,LP002953,Male,Yes,3+,Graduate,No,Urban,Y,5703,0.0,128.0,360.0,1.0
603,LP002958,Male,No,0,Graduate,No,Rural,Y,3676,4301.0,172.0,360.0,1.0
604,LP002959,Female,Yes,1,Graduate,No,Semiurban,Y,12000,0.0,496.0,360.0,1.0
605,LP002960,Male,Yes,0,Not Graduate,No,Urban,N,2400,3800.0,146.41216216216216,180.0,1.0
606,LP002961,Male,Yes,1,Graduate,No,Semiurban,Y,3400,2500.0,173.0,360.0,1.0
607,LP002964,Male,Yes,2,Not Graduate,No,Rural,Y,3987,1411.0,157.0,360.0,1.0
608,LP002974,Male,Yes,0,Graduate,No,Rural,Y,3232,1950.0,108.0,360.0,1.0
609,LP002978,Female,No,0,Graduate,No,Rural,Y,2900,0.0,71.0,360.0,1.0
610,LP002979,Male,Yes,3+,Graduate,No,Rural,Y,4106,0.0,40.0,180.0,1.0
611,LP002983,Male,Yes,1,Graduate,No,Urban,Y,8072,240.0,253.0,360.0,1.0
612,LP002984,Male,Yes,2,Graduate,No,Urban,Y,7583,0.0,187.0,360.0,1.0
613,LP002990,Female,No,0,Graduate,Yes,Semiurban,N,4583,0.0,133.0,360.0,0.0
